canal_id,nombre_canal,categoria,provincia,ciudad,suscriptores,certeza,metodo_deteccion,indicadores_argentinidad,url,fecha_deteccion
Suscribite y mir√° contenidos exclusivos cuando y donde quieras de El Club del Moro, No Esta Todo Dicho, Sarasa, Atardecer de un D√≠a Agitado, las secciones de Guillermo Coppola, Costa, la contadora, En Tercera Persona con Guido Kaczka y Gunda Font√°n, Entrevistas de Bebe Sanzo, novedades de cine y series, y la mejor selecci√≥n de videos de g√©neros pensados para vos.
UCFAiSCNaJnizLNIF1aSkQAQ,Gran Hermano Argentina,Entretenimiento,Argentina,Por determinar,1570000.0,95.0,explicit_country,menciona_argentina,https://youtube.com/channel/UCFAiSCNaJnizLNIF1aSkQAQ,2025-06-18
UCxDteokWBemJvLI_I0VUGdA,Radio Con Vos 89.9,Entretenimiento,Buenos Aires,Por determinar,277000.0,88.0,province_mention,provincia_Buenos Aires,https://youtube.com/channel/UCxDteokWBemJvLI_I0VUGdA,2025-06-18
UCs1U5lRXvUJHn0CgXI6oXAw,Radio La Red AM 910,Educativo,Argentina,Por determinar,264000.0,95.0,explicit_country,menciona_argentino,https://youtube.com/channel/UCs1U5lRXvUJHn0CgXI6oXAw,2025-06-18
"üü¶ Rad""",Argentina,5.0,,,,,,,,
UCgcUYL6ODQniPuwD4N-Tlvg,Radio Nacional Argentina AM870,Entretenimiento,Argentina,Por determinar,28700.0,95.0,explicit_country,menciona_argentina,https://youtube.com/channel/UCgcUYL6ODQniPuwD4N-Tlvg,2025-06-18
UCJozD5RVug7EZdTjqkGISYQ,Radio10,Entretenimiento,Misiones,Por determinar,143000.0,88.0,province_mention,provincia_Misiones,https://youtube.com/channel/UCJozD5RVug7EZdTjqkGISYQ,2025-06-18
UCakcB6z6gNOacpGm1m5pFsA,Glup!,Charlas/Podcast,CABA,Por determinar,1110.0,94.0,province_mention,provincia_CABA,https://youtube.com/channel/UCakcB6z6gNOacpGm1m5pFsA,2025-06-18
UCnpypNQhebDf0nUx-kP2cXg,URBAN985,M√∫sica,Argentina,Por determinar,3080.0,95.0,explicit_country,menciona_argentina,https://youtube.com/channel/UCnpypNQhebDf0nUx-kP2cXg,2025-06-18
UCV_lV9IyBIL0zwbyFMrvleQ,viBra,Entretenimiento,Buenos Aires,Por determinar,2810.0,100.0,explicit_country,menciona_argentino,https://youtube.com/channel/UCV_lV9IyBIL0zwbyFMrvleQ,2025-06-18
UCC1kfsMJko54AqxtcFECt-A,Urbana Play 104.3 FM,Gaming,Mendoza,Por determinar,862000.0,100.0,explicit_country,menciona_argentina,https://youtube.com/channel/UCC1kfsMJko54AqxtcFECt-A,2025-06-18
UCFgk2Q2mVO1BklRQhSv6p0w,C5N,Entretenimiento,Santa Fe,Por determinar,3080000.0,100.0,explicit_country,menciona_argentina,https://youtube.com/channel/UCFgk2Q2mVO1BklRQhSv6p0w,2025-06-18
UCAlQ5f7mhnkfM6jjXeJDw7g,Rock And Pop,M√∫sica,Santa Fe,Por determinar,136000.0,100.0,explicit_country,menciona_argentina,https://youtube.com/channel/UCAlQ5f7mhnkfM6jjXeJDw7g,2025-06-18
Adem√°s, los mejores momentos de nuestra programaci√≥n con Beto Casella, Mart√≠n Ciccioli, Gonzalito Rodr√≠guez, Joe Fern√°ndez, Alexis Puig, Eduardo de la Puente, Martina Soto Pose, Magui Aicega, Bobby Flores, Alfredo Rosso
UCHc3el42hXKKhjs_1vzWk9A,Telefe,IRL/Vlogs,Santa Fe,Por determinar,7240000.0,100.0,explicit_country,menciona_argentina,https://youtube.com/channel/UCHc3el42hXKKhjs_1vzWk9A,2025-06-18
Telefe cuenta buenas historias," lleva alegr√≠a y diversi√≥n a cada hogar y brinda la mejor informaci√≥n comprome""",Argentina,5.0,,,,,,,
UC8U-dF9XOQ96R8bOrm7nDaw,RADIO STREAM Deportes,Deportes,Argentina,Por determinar,1860.0,95.0,explicit_country,menciona_argentina,https://youtube.com/channel/UC8U-dF9XOQ96R8bOrm7nDaw,2025-06-18
UC3nHW2Ne0yyWvWYydhKZN8w,Asociaci√≥n Padel Argentino,Entretenimiento,Argentina,Por determinar,8080.0,95.0,explicit_country,menciona_argentino,https://youtube.com/channel/UC3nHW2Ne0yyWvWYydhKZN8w,2025-06-18
UCeZr2n6b7HYNdJ7KxhnCumg,Gabi Cas√©,IRL/Vlogs,Buenos Aires,Por determinar,68100.0,100.0,explicit_country,menciona_argentina,https://youtube.com/channel/UCeZr2n6b7HYNdJ7KxhnCumg,2025-06-18
UCEY6CPkHdTiWYkh2QymbcJQ,La 22 Media,IRL/Vlogs,Santa Fe,Por determinar,1560.0,100.0,explicit_country,menciona_argentina,https://youtube.com/channel/UCEY6CPkHdTiWYkh2QymbcJQ,2025-06-18
"Seguinos y activ√° la üîî""",Argentina,5.0,,,,,,,,
UCUawq9LW_ivK_NAJCpAhyEg,Ministerio Rhema Argentina,Entretenimiento,Argentina,Por determinar,1190.0,95.0,explicit_country,menciona_argentina,https://youtube.com/channel/UCUawq9LW_ivK_NAJCpAhyEg,2025-06-18
UCtTm1j1DhHIZr1_3zAlJHeA,Revuelto ,M√∫sica,Santa Fe,Por determinar,14500.0,100.0,explicit_country,menciona_argentino,https://youtube.com/channel/UCtTm1j1DhHIZr1_3zAlJHeA,2025-06-18
"‚ú® Hoy tenemos un nuevo desaf√≠o: fortalecer nuestra radio on""",Argentina,5.0,,,,,,,,
UC55axEKUQB8XD3E0a5HB2dQ,EzeeFlores3,Gaming,Buenos Aires,Por determinar,1840.0,88.0,province_mention,provincia_Buenos Aires,https://youtube.com/channel/UC55axEKUQB8XD3E0a5HB2dQ,2025-06-18
UCrrkTIvz0SQZatixubCQ6AQ,Canal 10 de Junin - Junin Tv SA,IRL/Vlogs,Buenos Aires,Por determinar,6290.0,98.0,province_mention,provincia_Buenos Aires,https://youtube.com/channel/UCrrkTIvz0SQZatixubCQ6AQ,2025-06-18
UCATiCPBuMCXyEi7jxC08UFw,Federaci√≥n Argentina de Pole Sport y A√©reos,Deportes,Argentina,Por determinar,1020.0,95.0,explicit_country,menciona_argentina,https://youtube.com/channel/UCATiCPBuMCXyEi7jxC08UFw,2025-06-18
UCZh9mYac1vuM4MXWEBlsGZw,FP BEATS,M√∫sica,Argentina,Por determinar,5340.0,95.0,explicit_country,menciona_argentina,https://youtube.com/channel/UCZh9mYac1vuM4MXWEBlsGZw,2025-06-18
"Suscribe to receive our latest news of the next gigs and livestreamings!""",Argentina,5.0,,,,,,,,
UCikDGMtJQhNtz-7RZdtc6bw,SoyIgnaa,Gaming,Argentina,Por determinar,1130.0,95.0,explicit_country,menciona_argentina,https://youtube.com/channel/UCikDGMtJQhNtz-7RZdtc6bw,2025-06-18
"Lo que m√°s quiero es hacerlos sentir bien y sacarles una sonrisa para que se diviertan con mis clips!""",Argentina,5.0,,,,,,,,
UCJQFPvUH5n4ee-UYuTPxjXg,T√∫nel 57 El Programa,Entretenimiento,Argentina,Por determinar,783.0,95.0,explicit_country,menciona_argentina,https://youtube.com/channel/UCJQFPvUH5n4ee-UYuTPxjXg,2025-06-18
UCT2utGZxr-z8zP87ctLFUYA,ABLA,Arte,Argentina,Por determinar,5320.0,95.0,explicit_country,menciona_argentina,https://youtube.com/channel/UCT2utGZxr-z8zP87ctLFUYA,2025-06-18
UCndkxczK408t6TygfEE6G5Q,Feria Internacional del Libro de Buenos Aires,Entretenimiento,Santa Fe,Por determinar,14100.0,100.0,explicit_country,menciona_argentina,https://youtube.com/channel/UCndkxczK408t6TygfEE6G5Q,2025-06-18
UCKPqqHlEtPfJ-WOePpTUFPw,Radio Zonica,IRL/Vlogs,Buenos Aires,Por determinar,24400.0,93.0,province_mention,provincia_Buenos Aires,https://youtube.com/channel/UCKPqqHlEtPfJ-WOePpTUFPw,2025-06-18
"2018 Premio MixCl""",Argentina,5.0,,,,,,,,
UC5wXzmxFZSP_YxMXdqSTxaw,Full medios ,Entretenimiento,Argentina,Por determinar,1010.0,95.0,explicit_country,menciona_argentina,https://youtube.com/channel/UC5wXzmxFZSP_YxMXdqSTxaw,2025-06-18
UCc9Bs-j0L5zIBTlGc__4l6g,FEMEBA Oficial,Charlas/Podcast,Buenos Aires,Por determinar,2850.0,88.0,province_mention,provincia_Buenos Aires,https://youtube.com/channel/UCc9Bs-j0L5zIBTlGc__4l6g,2025-06-18
UCbD0Y20AmGaBfCCVvqMAZbQ, RampoldiHD,Entretenimiento,Buenos Aires,Por determinar,520.0,88.0,province_mention,provincia_Buenos Aires,https://youtube.com/channel/UCbD0Y20AmGaBfCCVvqMAZbQ,2025-06-18
Si necesita organizar una transmisi√≥n en vivo por Internet o para su evento," contactenos y descubra por qu√© somos una de las Em""",Argentina,5.0,,,,,,,
UCWzsoIEZLGLinhYrm66VD4Q,ELONCE ,Tecnolog√≠a,Santa Fe,Por determinar,154000.0,100.0,explicit_country,menciona_argentina,https://youtube.com/channel/UCWzsoIEZLGLinhYrm66VD4Q,2025-06-18
"eloncetv@gmail.com""",Argentina,5.0,,,,,,,,
UCjNKvpSdCzsSK-C3o5ujdeQ,Club San Carlos,Entretenimiento,Argentina,Por determinar,656.0,95.0,explicit_country,menciona_argentina,https://youtube.com/channel/UCjNKvpSdCzsSK-C3o5ujdeQ,2025-06-18
UCuQsJ1-qgoWKYkVbaK8Z7Lw,Make Music,M√∫sica,C√≥rdoba,Por determinar,688.0,100.0,explicit_country,menciona_argentina,https://youtube.com/channel/UCuQsJ1-qgoWKYkVbaK8Z7Lw,2025-06-18
UC50ziyg5IROjRphtcGkwh_A,Huesos y Mate,IRL/Vlogs,Buenos Aires,Por determinar,1500.0,88.0,province_mention,provincia_Buenos Aires,https://youtube.com/channel/UC50ziyg5IROjRphtcGkwh_A,2025-06-18
"¬°Espero que tengan un d√≠a productivo y dejenme sus comentarios!""",Argentina,5.0,,,,,,,,
UCqNviM_q_MzNkofKmK5RhUA,Rock para Mamiferos,M√∫sica,Buenos Aires,Por determinar,1950.0,93.0,province_mention,provincia_Buenos Aires,https://youtube.com/channel/UCqNviM_q_MzNkofKmK5RhUA,2025-06-18
"BIENVENIDOS ESTO ES ROCK PARA MAMIFEROS¬°""",Argentina,5.0,,,,,,,,
UC3Tatm5cDChUnPHsmLKFu2w,OYD TV DANIEL GOMEZ,Entretenimiento,Argentina,Por determinar,938.0,95.0,explicit_country,menciona_argentina,https://youtube.com/channel/UC3Tatm5cDChUnPHsmLKFu2w,2025-06-18
UCARsYvoYOg7Vu4NGlCW01-A,Stream Underground,M√∫sica,Buenos Aires,Por determinar,8340.0,88.0,province_mention,provincia_Buenos Aires,https://youtube.com/channel/UCARsYvoYOg7Vu4NGlCW01-A,2025-06-18
UCzzIcVtwj0qJVVYnAMuTEOQ,Dani Tavernise,Charlas/Podcast,Santa Fe,Por determinar,614.0,100.0,explicit_country,menciona_argentina,https://youtube.com/channel/UCzzIcVtwj0qJVVYnAMuTEOQ,2025-06-18
En mis videos tambi√©n vas a encontrar m√∫sica, entrevistas," posteos de mis redes hablando de actualid""",Argentina,5.0,,,,,,
UCXomef-enctNBVqKDs3zjXw,La Fragua Estudio,M√∫sica,Santa Fe,Por determinar,1120.0,97.0,local_code,codigo_ROS,https://youtube.com/channel/UCXomef-enctNBVqKDs3zjXw,2025-06-18
UCHybeXz9Mr17nOrRD6vu6FA,Secretar√≠a de Cultura y Extensi√≥n Universitaria UTN Buenos Aires,Entretenimiento,Buenos Aires,Por determinar,722.0,88.0,province_mention,provincia_Buenos Aires,https://youtube.com/channel/UCHybeXz9Mr17nOrRD6vu6FA,2025-06-18
UCnAQcdp8YqgpMS9-x-hWphA,Canal 7 NQN Noticias ,Entretenimiento,Neuqu√©n,Por determinar,12000.0,92.0,local_code,codigo_NQN,https://youtube.com/channel/UCnAQcdp8YqgpMS9-x-hWphA,2025-06-18
UCqOwohpytTTsTHxKtNHk1IQ,BA Film Commission,IRL/Vlogs,Buenos Aires,Por determinar,1410.0,88.0,province_mention,provincia_Buenos Aires,https://youtube.com/channel/UCqOwohpytTTsTHxKtNHk1IQ,2025-06-18
Su objetivo principal es fomentar y estimular la realizaci√≥n de producciones audiovisuales, promoviendo la colaboraci√≥n entre productoras locales," nacionales e internacionales. La BA Film Commission busca proy""",Argentina,5.0,,,,,,
UCcrNg4v9WQkfFBq9VC_Cfcw,Club y Biblioteca Mariano Moreno,Entretenimiento,Argentina,Por determinar,1970.0,95.0,explicit_country,menciona_argentina,https://youtube.com/channel/UCcrNg4v9WQkfFBq9VC_Cfcw,2025-06-18
UC3HeAKLbdfIXDWOhM_Ty9gQ,Leandro Toti,Deportes,Argentina,Por determinar,1300.0,95.0,explicit_country,menciona_argentina,https://youtube.com/channel/UC3HeAKLbdfIXDWOhM_Ty9gQ,2025-06-18
"- ‚Å†Deportivo Sur (Deportes)""",Argentina,5.0,,,,,,,,
UCQFO4Dr6-jiCkXv_jyZNGhQ,Eclesia,Entretenimiento,Santa Fe,Por determinar,6050.0,100.0,explicit_country,menciona_argentina,https://youtube.com/channel/UCQFO4Dr6-jiCkXv_jyZNGhQ,2025-06-18
UCJi8ZBbLPl7MEzYT8M_y8bw,Red Moskito Radio,Charlas/Podcast,Santa Fe,Por determinar,4210.0,100.0,explicit_country,menciona_argentina,https://youtube.com/channel/UCJi8ZBbLPl7MEzYT8M_y8bw,2025-06-18
UCNlety-E1sDhzVKK6JTQ4hA,Centro de Anatom√≠a Quir√∫rgica,Educativo,Buenos Aires,Por determinar,8730.0,93.0,province_mention,provincia_Buenos Aires,https://youtube.com/channel/UCNlety-E1sDhzVKK6JTQ4hA,2025-06-18
"Nuestros videos tienen como objetivo l""",Argentina,5.0,,,,,,,,
UCpvH8vARMGmxA6PO8KL0xcA,noticiadelmundo,M√∫sica,Mendoza,Por determinar,1130.0,100.0,explicit_country,menciona_argentina,https://youtube.com/channel/UCpvH8vARMGmxA6PO8KL0xcA,2025-06-18
UCprAOIMJ3rxG5eQdfT6F1sg,multishowtvweb,M√∫sica,Argentina,Por determinar,1390.0,95.0,explicit_country,menciona_argentina,https://youtube.com/channel/UCprAOIMJ3rxG5eQdfT6F1sg,2025-06-18
"Roby Massarotto / MultiShoW TV. LIVE Streaming Studio. A television and multimedia production c""",Argentina,5.0,,,,,,,,
UCfuCixFZ3OOOVy5CoIXFb-Q,Winexplorers,Arte,Mendoza,Por determinar,4120.0,100.0,explicit_country,menciona_argentina,https://youtube.com/channel/UCfuCixFZ3OOOVy5CoIXFb-Q,2025-06-18
"Jueves 20 hs""",Argentina,5.0,,,,,,,,
UC4oQ4n1b1S-ZMxFwodff5_w,RVZ Livestreaming,Entretenimiento,Buenos Aires,Por determinar,1440.0,88.0,province_mention,provincia_Buenos Aires,https://youtube.com/channel/UC4oQ4n1b1S-ZMxFwodff5_w,2025-06-18
"www.rvz.tv""",Argentina,5.0,,,,,,,,
UCsQIymWYI9OFS3OrZStQd5g,GRID TV,Entretenimiento,Argentina,Por determinar,738.0,95.0,explicit_country,menciona_argentina,https://youtube.com/channel/UCsQIymWYI9OFS3OrZStQd5g,2025-06-18
UCyVLvTH0NMdWwXlUG8Dyu4g,GG_VLA,Gaming,Buenos Aires,Por determinar,952.0,88.0,province_mention,provincia_Buenos Aires,https://youtube.com/channel/UCyVLvTH0NMdWwXlUG8Dyu4g,2025-06-18
UCAWzTHhI9vvEWHzuA2SmQQA,Rock en Ascenso,M√∫sica,Buenos Aires,Por determinar,969.0,93.0,province_mention,provincia_Buenos Aires,https://youtube.com/channel/UCAWzTHhI9vvEWHzuA2SmQQA,2025-06-18
Originarios de Paran√°, Entre R√≠os, Rock En Ascenso ha estado en el aire desde el a√±o 2013," dedicado a difundir la agenda cultural y dar voz a las bandas""",Argentina,0.0,,,,,
UChcT5dcjW78RzZiPrzVySqA,Estudio 613,IRL/Vlogs,Buenos Aires,Por determinar,1300.0,88.0,province_mention,provincia_Buenos Aires,https://youtube.com/channel/UChcT5dcjW78RzZiPrzVySqA,2025-06-18
Ubicado en Buenos Aires, este estudio invita cada semana a DJs de la escena nacional e internacional no solo a explotar su talento, sino a compartir experiencias," conocimientos y adem√°s transmitirlos v√≠a streaming.""",Argentina,0.0,,,,,
UCADWPlpKHqlkODRnOf7jNFA,Somos APL,Entretenimiento,Argentina,Por determinar,1890.0,95.0,explicit_country,menciona_argentino,https://youtube.com/channel/UCADWPlpKHqlkODRnOf7jNFA,2025-06-18
Un canal de streaming para el entretenimiento, la pol√≠tica y la cultura a trav√©s de lazos Libaneses y Argentinos," hacia todo el mundo. Somos un espacio del Club Liban√©s de Buenos Aires.""",Argentina,0.0,,,,,,
UCT5ILNqmCLux8ytcJVFSLGQ,Educaci√≥n ambiental en debate,Charlas/Podcast,Santa Fe,Por determinar,3250.0,100.0,explicit_country,menciona_argentina,https://youtube.com/channel/UCT5ILNqmCLux8ytcJVFSLGQ,2025-06-18
Pens√© este canal para poder compartir con ustedes entrevistas que voy a ir realizando con profesionales," inve""",Argentina,0.0,,,,,,,
UCIjfBicz55kEouzSqQUxvGg,Open Water Argentina,Entretenimiento,Argentina,Por determinar,928.0,95.0,explicit_country,menciona_argentina,https://youtube.com/channel/UCIjfBicz55kEouzSqQUxvGg,2025-06-18
UCLMltQGEkXfVRIwxO86-YEg,EnNegroHM,M√∫sica,Buenos Aires,Por determinar,741.0,88.0,province_mention,provincia_Buenos Aires,https://youtube.com/channel/UCLMltQGEkXfVRIwxO86-YEg,2025-06-18
=======,,,,,,,,,,
UC2zO2jZCDplwm8SVsXUcxCQ,La 100,Charlas/Podcast,Santa Fe,Por determinar,562000.0,100.0,explicit_country,menciona_argentina,https://youtube.com/channel/UC2zO2jZCDplwm8SVsXUcxCQ,2025-06-18
UC1MkhIMPTyFJTv0NWXfWBWg,PLAYERS ARGENTINA,Gaming,Argentina,Por determinar,6570.0,100.0,explicit_country,"""metadata_AR, codigo_ARGENTINA, menciona_argentina, menciona_arg""",https://youtube.com/channel/UC1MkhIMPTyFJTv0NWXfWBWg,2025-06-28
UCV6PHNIDL4VWtyAmO788tvA,PRESENCIA MUNDIAL ONLINE - Canal Oficial,Cocina,Buenos Aires,Por determinar,71600.0,97.0,local_code,"""codigo_ARGENTINA, menciona_argentina, menciona_arg, locations_2""",https://youtube.com/channel/UCV6PHNIDL4VWtyAmO788tvA,2025-06-28
UCY5Rt0dXyCCor1ZNS8N7QxQ,Onvres,Charlas/Podcast,Argentina,Por determinar,5510.0,100.0,explicit_country,"""metadata_AR, codigo_ARGENTINA, menciona_argentina, menciona_arg, menciona_üá¶üá∑""",https://youtube.com/channel/UCY5Rt0dXyCCor1ZNS8N7QxQ,2025-06-28
UCwDjEGEuoRlmgK6JqS4z1GA,MZL Deportes,Deportes,Argentina,Por determinar,3140.0,100.0,explicit_country,"""metadata_AR, menciona_argentino, menciona_argentinos, menciona_arg""",https://youtube.com/channel/UCwDjEGEuoRlmgK6JqS4z1GA,2025-06-28
UCV1sUN_ToA6PeWOJO2f61zg,Gaston Tech Solutions,Tecnolog√≠a,Argentina,Por determinar,8960.0,100.0,explicit_country,"""metadata_AR, codigo_ARGENTINA, menciona_argentina, menciona_arg""",https://youtube.com/channel/UCV1sUN_ToA6PeWOJO2f61zg,2025-06-28
UCgDAnKZngqzL2sJHTI7eUuA,Telemetrico F1 Adrian Puente #TelemetricoF1,M√∫sica,Argentina,Por determinar,273000.0,100.0,explicit_country,"""metadata_AR, menciona_argentino, menciona_arg, menciona_üá¶üá∑""",https://youtube.com/channel/UCgDAnKZngqzL2sJHTI7eUuA,2025-06-28
UCXij9uxRe_SqXCUPJO31-eg,CANAL 432 EN VIVO ARGENTINA,Deportes,Buenos Aires,Por determinar,1090.0,100.0,explicit_country,"""metadata_AR, codigo_ARGENTINA, menciona_argentina, menciona_arg, locations_1""",https://youtube.com/channel/UCXij9uxRe_SqXCUPJO31-eg,2025-06-29
UCCLxBpVx_8ka7jl-Widt3nw,HD-Streaming Argentina,Entretenimiento,Argentina,Por determinar,1440.0,100.0,explicit_country,"""metadata_AR, codigo_ARGENTINA, menciona_argentina, menciona_arg""",https://youtube.com/channel/UCCLxBpVx_8ka7jl-Widt3nw,2025-06-29
UC_SSyrcj4AuL792D4SjICqA,Wow Streaming,Charlas/Podcast,San Juan,Por determinar,1180.0,82.0,local_code,"""codigo_SAN JUAN, menciona_argentina, menciona_arg, locations_1""",https://youtube.com/channel/UC_SSyrcj4AuL792D4SjICqA,2025-06-29
UC7vcB8iuaDPMiX-lePxhBAg,Mucho Stream,Charlas/Podcast,Jujuy,Por determinar,1490.0,100.0,explicit_country,"""metadata_AR, codigo_JUJUY, menciona_argentina, menciona_argentino, menciona_argentinos, menciona_arg, locations_1""",https://youtube.com/channel/UC7vcB8iuaDPMiX-lePxhBAg,2025-06-29
UC9UpeHkknAswiUlEwIf60nQ,Campo Stream,Entretenimiento,Argentina,Por determinar,5940.0,80.0,explicit_country,"""metadata_AR, menciona_argentino, menciona_arg""",https://youtube.com/channel/UC9UpeHkknAswiUlEwIf60nQ,2025-06-29
UC1aQjrlKW98rGjm529FTm2A,Santuario del Cerro Schoenstatt,Estilo de Vida,C√≥rdoba,Por determinar,8060.0,82.0,local_code,"""codigo_CBA, menciona_argentina, menciona_arg, locations_1""",https://youtube.com/channel/UC1aQjrlKW98rGjm529FTm2A,2025-06-29
UCE46ERLLq3JG9DHRNDTJDHQ,"De Reco al Mundo ""AGO y MAXI""",Cocina,Argentina,Por determinar,10200.0,100.0,explicit_country,"""metadata_AR, codigo_ARGENTINA, menciona_argentina, menciona_arg""",https://youtube.com/channel/UCE46ERLLq3JG9DHRNDTJDHQ,2025-06-29
UC3iv95VAdruDj5D-q2CVI1g,Faku D. / Diego Torres y + M√∫sica Argentina,M√∫sica,Argentina,Por determinar,4640.0,100.0,explicit_country,"""metadata_AR, codigo_ARGENTINA, menciona_argentina, menciona_arg""",https://youtube.com/channel/UC3iv95VAdruDj5D-q2CVI1g,2025-06-29
UCigMtQPA1eB3pAa1ri78syg,MISTICA,Deportes,Misiones,Por determinar,49900.0,100.0,explicit_country,"""metadata_AR, codigo_ARGENTINA, menciona_argentina, menciona_argentino, menciona_arg, locations_1""",https://youtube.com/channel/UCigMtQPA1eB3pAa1ri78syg,2025-06-29
UC5Nhn_0iHyLL6Dpeu_rZJfw,Handball Streaming,Deportes,Misiones,Por determinar,2860.0,100.0,explicit_country,"""metadata_AR, codigo_ARGENTINA, menciona_argentina, menciona_arg, locations_1""",https://youtube.com/channel/UC5Nhn_0iHyLL6Dpeu_rZJfw,2025-06-29
UCYmmbEYFdhgMCafTY1r8m-A,Diario La Verdad de Jun√≠n,Entretenimiento,Argentina,Por determinar,1770.0,100.0,explicit_country,"""metadata_AR, codigo_ARGENTINA, menciona_argentina, menciona_arg""",https://youtube.com/channel/UCYmmbEYFdhgMCafTY1r8m-A,2025-06-29
UCYW7KhGYkchc3_pPg81XqtQ,Trail Running Argentina,Charlas/Podcast,Argentina,Por determinar,1840.0,100.0,explicit_country,"""metadata_AR, codigo_ARGENTINA, menciona_argentina, menciona_argentino, menciona_arg""",https://youtube.com/channel/UCYW7KhGYkchc3_pPg81XqtQ,2025-06-29
UCBy5F5apvBB_Yp4Vcbwkipw,La MAX Stream Radio 95.5,M√∫sica,Santa Fe,Por determinar,4610.0,100.0,explicit_country,"""metadata_AR, codigo_SANTA FE, menciona_argentina, menciona_arg, locations_1""",https://youtube.com/channel/UCBy5F5apvBB_Yp4Vcbwkipw,2025-06-29
UCfkegl4lURBlWcnx67TbZNg,LOS RANCHEROS,M√∫sica,Argentina,Por determinar,140000.0,80.0,explicit_country,"""metadata_AR, menciona_argentino, menciona_arg""",https://youtube.com/channel/UCfkegl4lURBlWcnx67TbZNg,2025-07-01
UCfCIc3e-UVO2-XQgYwIK9Dg,KABE GAMING,Gaming,Argentina,Por determinar,2550.0,100.0,explicit_country,"""metadata_AR, codigo_ARGENTINA, menciona_argentina, menciona_arg""",https://youtube.com/channel/UCfCIc3e-UVO2-XQgYwIK9Dg,2025-07-02
UCH8jVSTSPU-HkUh3Os1SUgQ,Gabriel Ovejero,M√∫sica,Argentina,Por determinar,1170.0,90.0,explicit_country,"""menciona_argentino, menciona_arg, menciona_üá¶üá∑, locations_1""",https://youtube.com/channel/UCH8jVSTSPU-HkUh3Os1SUgQ,2025-07-02
UCYIFILMju_-gXyhTb9-mbJw,MaidenArg Iron Maiden Argentina,Charlas/Podcast,Argentina,Por determinar,2700.0,100.0,explicit_country,"""metadata_AR, codigo_ARGENTINA, menciona_argentina, menciona_arg""",https://youtube.com/channel/UCYIFILMju_-gXyhTb9-mbJw,2025-07-02
UCE8whPomb-u52ToG2Qr0sJg,Multimedios Ciudad,Estilo de Vida,Chaco,Por determinar,990.0,100.0,explicit_country,"""metadata_AR, codigo_CHACO, menciona_argentina, menciona_arg, locations_1""",https://youtube.com/channel/UCE8whPomb-u52ToG2Qr0sJg,2025-07-02
UCCDRu5BLs5ie2jnJUXlOROg,A PURO FUTBOL,Deportes,Argentina,Por determinar,324000.0,100.0,explicit_country,"""metadata_AR, codigo_ARGENTINA, menciona_argentina, menciona_argentino, menciona_arg""",https://youtube.com/channel/UCCDRu5BLs5ie2jnJUXlOROg,2025-07-03
UCIkiK9EG3BIgivQdGQVwfMw,Cancha Abierta,Charlas/Podcast,Misiones,Por determinar,1850.0,100.0,explicit_country,"""metadata_AR, menciona_argentino, menciona_arg, menciona_üá¶üá∑, locations_1""",https://youtube.com/channel/UCIkiK9EG3BIgivQdGQVwfMw,2025-07-03
UCjMGMWnToRcQRqmyVB4R2xQ,CLAR√çN,Charlas/Podcast,Argentina,Por determinar,1310000.0,100.0,explicit_country,"""metadata_AR, codigo_ARGENTINA, menciona_argentina, menciona_arg""",https://youtube.com/channel/UCjMGMWnToRcQRqmyVB4R2xQ,2025-07-03
UCWA4L9EcHzARusb3oK7MIhA,canal i - Florida,Deportes,Buenos Aires,Por determinar,3540.0,100.0,explicit_country,"""metadata_AR, codigo_ARGENTINA, menciona_argentina, menciona_arg, locations_2""",https://youtube.com/channel/UCWA4L9EcHzARusb3oK7MIhA,2025-07-04
UCqCLJ6QBl6X9kQyRtEk-NCg,Iglesia Maranatha Argentina,Arte/Creatividad,Buenos Aires,Por determinar,2170.0,100.0,explicit_country,"""metadata_AR, codigo_ARGENTINA, menciona_argentina, menciona_arg, locations_1""",https://youtube.com/channel/UCqCLJ6QBl6X9kQyRtEk-NCg,2025-07-04
UCWepqrtrANMkbeoBMHxNbOg,La Voz Argentina,M√∫sica,Argentina,Por determinar,1180000.0,100.0,explicit_country,"""metadata_AR, codigo_ARGENTINA, menciona_argentina, menciona_arg""",https://youtube.com/channel/UCWepqrtrANMkbeoBMHxNbOg,2025-07-04
UCI8aq4En4CYA0QQeVHJ70nw,LiveDirecto Streaming Profesional,Tecnolog√≠a,Buenos Aires,Por determinar,951.0,82.0,local_code,"""codigo_ARGENTINA, menciona_argentina, menciona_arg, locations_1""",https://youtube.com/channel/UCI8aq4En4CYA0QQeVHJ70nw,2025-07-04
UCQoKWemIRiWP87mToLyOYoQ,Cuerpo de Cristo Cordoba Argentina.,Entretenimiento,Argentina,Por determinar,895.0,100.0,explicit_country,"""metadata_AR, codigo_CORDOBA, menciona_argentina, menciona_arg""",https://youtube.com/channel/UCQoKWemIRiWP87mToLyOYoQ,2025-07-04
UCTJ0n6Hal7PpHERq4To6iHg,RADIO2 - EN VIVO,Deportes,Santa Fe,Por determinar,14600.0,100.0,explicit_country,"""metadata_AR, codigo_ROSARIO, menciona_argentina, menciona_arg, modismos_1, locations_1""",https://youtube.com/channel/UCTJ0n6Hal7PpHERq4To6iHg,2025-07-04
UCPNeLjv9WYq4d3FAOkrMIFg,¬°Nico Fandubs!,,,,199000.0,100.0,manual,,https://youtube.com/channel/UCPNeLjv9WYq4d3FAOkrMIFg,2025-07-04
UCOpxYGU6whNOWd2LWzkFEKQ,220 Podcast,,,,53100.0,100.0,manual,,https://youtube.com/channel/UCOpxYGU6whNOWd2LWzkFEKQ,2025-07-04
UCR9120YBAqMfntqgRTKmkjQ,A24com,,,,2250000.0,100.0,manual,,https://youtube.com/channel/UCR9120YBAqMfntqgRTKmkjQ,2025-07-04
UCGG8k5yJrU0PQ8sacAQOxXQ,Actitud Independiente,,,,1340.0,100.0,manual,,https://youtube.com/channel/UCGG8k5yJrU0PQ8sacAQOxXQ,2025-07-04
UCJKjzEoy91UYS-bZLc4CLCQ,Agust√≠n Laje Arrigoni,,,,2520000.0,100.0,manual,,https://youtube.com/channel/UCJKjzEoy91UYS-bZLc4CLCQ,2025-07-04
UCz0rrWiG04BiDlypa6Smnww,Agust√≠n Muzzu,,,,117000.0,100.0,manual,,https://youtube.com/channel/UCz0rrWiG04BiDlypa6Smnww,2025-07-04
UCRyGJcJYqqiCByEaUhDLMsw,AHORA PLAY,,,,102000.0,100.0,manual,,https://youtube.com/channel/UCRyGJcJYqqiCByEaUhDLMsw,2025-07-04
UCr7TYJVXSe3_rVILo-F8Xhg,Aire de Santa Fe,,,,128000.0,100.0,manual,,https://youtube.com/channel/UCr7TYJVXSe3_rVILo-F8Xhg,2025-07-04
UC1g2h76H3MDS5psEm-ZgZlw,Am 1010 Onda Latina,,,,1280.0,100.0,manual,,https://youtube.com/channel/UC1g2h76H3MDS5psEm-ZgZlw,2025-07-04
UC6NVDkuzY2exMOVFw4i9oHw,Am√©rica TV,,,,2610000.0,100.0,manual,,https://youtube.com/channel/UC6NVDkuzY2exMOVFw4i9oHw,2025-07-04
UCdDH12zlOV1OWlFTY0YcXmQ,Argen-Fobal,,,,46000.0,100.0,manual,,https://youtube.com/channel/UCdDH12zlOV1OWlFTY0YcXmQ,2025-07-04
UCaZABt4qNTN-4Nn75gh4pYA,Armando Naranjo - F√∫tbol en L√≠nea,,,,104000.0,100.0,manual,,https://youtube.com/channel/UCaZABt4qNTN-4Nn75gh4pYA,2025-07-04
UCgLBmUFPO8JtZ1nPIBQGMlQ,AZZ,,,,586000.0,100.0,manual,,https://youtube.com/channel/UCgLBmUFPO8JtZ1nPIBQGMlQ,2025-07-04
UC6YundoLrEuBJaPp_oEPWaA,Barricada TV,,,,35700.0,100.0,manual,,https://youtube.com/channel/UC6YundoLrEuBJaPp_oEPWaA,2025-07-04
UCx4uM9c2BTrw-2N8LlwT2wg,Bigotes Online,,,,15100.0,100.0,manual,,https://youtube.com/channel/UCx4uM9c2BTrw-2N8LlwT2wg,2025-07-04
UC6pJGaMdx5Ter_8zYbLoRgA,BLENDER,,,,473000.0,100.0,manual,,https://youtube.com/channel/UC6pJGaMdx5Ter_8zYbLoRgA,2025-07-04
UC_49ElhhVd1BO7MsdBPm77Q,BREAK POINT,,,,1390000.0,100.0,manual,,https://youtube.com/channel/UC_49ElhhVd1BO7MsdBPm77Q,2025-07-04
UCK0EGTOQzaA0psqf35_zXGQ,Brindis TV,,,,35000.0,100.0,manual,,https://youtube.com/channel/UCK0EGTOQzaA0psqf35_zXGQ,2025-07-04
UCiN40zpNQVWT9cUeahegtmA,C√°bala Futbolera,,,,532000.0,100.0,manual,,https://youtube.com/channel/UCiN40zpNQVWT9cUeahegtmA,2025-07-04
UCNxohbqfDp8YxW_Mji2XMHA,Cadena 3 Argentina,,,,285000.0,100.0,manual,,https://youtube.com/channel/UCNxohbqfDp8YxW_Mji2XMHA,2025-07-04
UC7ah60G8vVmj4S1bF3D5JlA,Caf√© Kyoto,,,,430000.0,100.0,manual,,https://youtube.com/channel/UC7ah60G8vVmj4S1bF3D5JlA,2025-07-04
UCrpMfcQNog595v5gAS-oUsQ,Canal 26,,,,1990000.0,100.0,manual,,https://youtube.com/channel/UCrpMfcQNog595v5gAS-oUsQ,2025-07-04
UCOV_Vx1baZJY9Tfvgm-UI3w,Canal de la Ciudad,,,,243000.0,100.0,manual,,https://youtube.com/channel/UCOV_Vx1baZJY9Tfvgm-UI3w,2025-07-04
UCPumJ2ayrr-JDsA9JDCUDDQ,Canal Rural,,,,18100.0,100.0,manual,,https://youtube.com/channel/UCPumJ2ayrr-JDsA9JDCUDDQ,2025-07-04
UC4mdhKZXjrKoq5aVG6juHEg,Carajo,,,,256000.0,100.0,manual,,https://youtube.com/channel/UC4mdhKZXjrKoq5aVG6juHEg,2025-07-04
UC107Q4_v5AAhjr_Q43Y45HQ,Carlos Hlavnicka,,,,36900.0,100.0,manual,,https://youtube.com/channel/UC107Q4_v5AAhjr_Q43Y45HQ,2025-07-04
UCjJikdA9wz-mjqXhiYAw0iQ,CEIBO,,,,6430.0,100.0,manual,,https://youtube.com/channel/UCjJikdA9wz-mjqXhiYAw0iQ,2025-07-04
UCxHSIJgKZ8xVXwLGaGZEmKg,Cenital,,,,160000.0,100.0,manual,,https://youtube.com/channel/UCxHSIJgKZ8xVXwLGaGZEmKg,2025-07-04
UCAzhHsLT_P8i18FIFvegkUg,Centro cultural Cemento,,,,2140.0,100.0,manual,,https://youtube.com/channel/UCAzhHsLT_P8i18FIFvegkUg,2025-07-04
UC8MU__RWNw1cSzqHpRyt1_g,C√©sar Moreno,,,,545000.0,100.0,manual,,https://youtube.com/channel/UC8MU__RWNw1cSzqHpRyt1_g,2025-07-04
UC8p3cL2_TayVZF5vHYPqgcA,Che Corrientes,,,,4970.0,100.0,manual,,https://youtube.com/channel/UC8p3cL2_TayVZF5vHYPqgcA,2025-07-04
UCBOOtLYNz_e4eFlpdmfY2ug,CHiNiTo_FD,,,,5960.0,100.0,manual,,https://youtube.com/channel/UCBOOtLYNz_e4eFlpdmfY2ug,2025-07-04
UCj4tLl1LvLwwK3IJnqKA8iw,Cielo y Tierra en adoraci√≥n,,,,693.0,100.0,manual,,https://youtube.com/channel/UCj4tLl1LvLwwK3IJnqKA8iw,2025-07-04
UCVvXKi8_WUIO85hCllKhQBg,Circulo Vicioso,,,,35200.0,100.0,manual,,https://youtube.com/channel/UCVvXKi8_WUIO85hCllKhQBg,2025-07-04
UCmXRujtSJ_ni8o1Gkun7__g,Claudio Freidzon,,,,264000.0,100.0,manual,,https://youtube.com/channel/UCmXRujtSJ_ni8o1Gkun7__g,2025-07-04
UCzbLuIuaZLt7JhJ_aI6mMXA,Costa Febre Monumental,,,,43000.0,100.0,manual,,https://youtube.com/channel/UCzbLuIuaZLt7JhJ_aI6mMXA,2025-07-04
UCT7KFGv6s2a-rh2Jq8ZdM1g,Cr√≥nica TV,,,,2380000.0,100.0,manual,,https://youtube.com/channel/UCT7KFGv6s2a-rh2Jq8ZdM1g,2025-07-04
UC4s0GkZFrJMekDxgMykuC8w,CUTTER DJ,,,,71700.0,100.0,manual,,https://youtube.com/channel/UC4s0GkZFrJMekDxgMykuC8w,2025-07-04
UCf7cmc_Xxke9eIg76b6qdSg,Danann,,,,2210000.0,100.0,manual,,https://youtube.com/channel/UCf7cmc_Xxke9eIg76b6qdSg,2025-07-04
UCtj5VnZYVjiBAbKbvhayDLw,De la Cuna al Infierno,,,,39500.0,100.0,manual,,https://youtube.com/channel/UCtj5VnZYVjiBAbKbvhayDLw,2025-07-04
UCsVoUwxUQs4T2Rs1hJAKxug,De Local Streaming,,,,5140.0,100.0,manual,,https://youtube.com/channel/UCsVoUwxUQs4T2Rs1hJAKxug,2025-07-04
UCk5p1QWmrOD7JzTUcJhj28Q,DELIREO,,,,20900.0,100.0,manual,,https://youtube.com/channel/UCk5p1QWmrOD7JzTUcJhj28Q,2025-07-04
UCLJ0ABXgiTa74F4_X91N-3Q,Deportes Al Taco,,,,614000.0,100.0,manual,,https://youtube.com/channel/UCLJ0ABXgiTa74F4_X91N-3Q,2025-07-04
UC-VduMOLt-ZLIISyE0_Xx8A,Dtoke Free,,,,1880000.0,100.0,manual,,https://youtube.com/channel/UC-VduMOLt-ZLIISyE0_Xx8A,2025-07-04
UC12-uYZB20chEXq7VGFlsGA,Ecos Del Rojo,,,,5870.0,100.0,manual,,https://youtube.com/channel/UC12-uYZB20chEXq7VGFlsGA,2025-07-04
UCxtCp4e1pGevREzI4aCMjow,EL B√öNKER,,,,859.0,100.0,manual,,https://youtube.com/channel/UCxtCp4e1pGevREzI4aCMjow,2025-07-04
UC5wAqJ9NF0fpGH9dVf3h6HA,El Destape,,,,670000.0,100.0,manual,,https://youtube.com/channel/UC5wAqJ9NF0fpGH9dVf3h6HA,2025-07-04
UC_5l3NJKsvoSIicuNMJBoiQ,EL LAUCHA,,,,151000.0,100.0,manual,,https://youtube.com/channel/UC_5l3NJKsvoSIicuNMJBoiQ,2025-07-04
UC-rI_XNppHJO-Ga4RW_CDKw,El Observador 107.9,,,,242000.0,100.0,manual,,https://youtube.com/channel/UC-rI_XNppHJO-Ga4RW_CDKw,2025-07-04
UCy-r-BQ5BQRU6rzGS73-WBQ,El Once TV,,,,167000.0,100.0,manual,,https://youtube.com/channel/UCy-r-BQ5BQRU6rzGS73-WBQ,2025-07-04
UCogk4TAcHa1YP7InT_q9VNQ,EL PARCHE DEL FUTBOL TV,,,,872000.0,100.0,manual,,https://youtube.com/channel/UCogk4TAcHa1YP7InT_q9VNQ,2025-07-04
UCHDwIzNtE5vPScYLLXutkHA,El Presto,,,,503000.0,100.0,manual,,https://youtube.com/channel/UCHDwIzNtE5vPScYLLXutkHA,2025-07-04
UC64ZNqX0FQHabP8iIkmnR3A,El Siete TV,,,,847000.0,100.0,manual,,https://youtube.com/channel/UC64ZNqX0FQHabP8iIkmnR3A,2025-07-04
UCiaePeoCqpU8hBHiNrgkzrA,eldoce,,,,786000.0,100.0,manual,,https://youtube.com/channel/UCiaePeoCqpU8hBHiNrgkzrA,2025-07-04
UC0DM_mHV2u6dj8ig51GkQwg,eltrece,,,,14000000.0,100.0,manual,,https://youtube.com/channel/UC0DM_mHV2u6dj8ig51GkQwg,2025-07-04
UCW1sJwBOGgPhSPXJ-6pjF6w,eltresTV,,,,176000.0,100.0,manual,,https://youtube.com/channel/UCW1sJwBOGgPhSPXJ-6pjF6w,2025-07-04
UC5QXgPpUycqkF6e6EKv2ySA,En Vivo Por Racing,,,,9050.0,100.0,manual,,https://youtube.com/channel/UC5QXgPpUycqkF6e6EKv2ySA,2025-07-04
UCoiHxgRbGS8vyP1nFcMj3Mw,Erick Kammerath,,,,62000.0,100.0,manual,,https://youtube.com/channel/UCoiHxgRbGS8vyP1nFcMj3Mw,2025-07-04
UCftan3cVkKKfxXpRN9JUX7A,Eventos SISE Argentina,,,,5280.0,100.0,manual,,https://youtube.com/channel/UCftan3cVkKKfxXpRN9JUX7A,2025-07-04
UCdATaiSvmj1wK_IXOkGbaRg,Factoria 1251,,,,6430.0,100.0,manual,,https://youtube.com/channel/UCdATaiSvmj1wK_IXOkGbaRg,2025-07-04
UCDX7MfCjTIRE3yv5SEGttBA,Fiamma Curtosi,,,,115000.0,100.0,manual,,https://youtube.com/channel/UCDX7MfCjTIRE3yv5SEGttBA,2025-07-04
UC9vs8KujZ2kJ2hbg01fNRVw,Filo News,,,,1530000.0,100.0,manual,,https://youtube.com/channel/UC9vs8KujZ2kJ2hbg01fNRVw,2025-07-04
UC1Oa7gHuqzGHB90FPb0ssPA,FMVale975,,,,65200.0,100.0,manual,,https://youtube.com/channel/UC1Oa7gHuqzGHB90FPb0ssPA,2025-07-04
UC0sLSGnT5u_yChwKjBSJ8jw,Fran Fijap,,,,708000.0,100.0,manual,,https://youtube.com/channel/UC0sLSGnT5u_yChwKjBSJ8jw,2025-07-04
UCwd_qoS94df5orGoPLPnsxQ,Franco Pisso,,,,1170000.0,100.0,manual,,https://youtube.com/channel/UCwd_qoS94df5orGoPLPnsxQ,2025-07-04
UCFUxUM0t3ZerOpFw3Xe4ZpQ,Furia Sports,,,,2050.0,100.0,manual,,https://youtube.com/channel/UCFUxUM0t3ZerOpFw3Xe4ZpQ,2025-07-04
UCgn6r0aGRBnEQm02tE_jzbw,Futurock FM,,,,288000.0,100.0,manual,,https://youtube.com/channel/UCgn6r0aGRBnEQm02tE_jzbw,2025-07-04
UC6jdwoh0bP0CNVjpzU7tRpA,Gary Delphin,,,,130000.0,100.0,manual,,https://youtube.com/channel/UC6jdwoh0bP0CNVjpzU7tRpA,2025-07-04
UCWSfXECGo1qK_H7SXRaUSMg,GELATINA,,,,539000.0,100.0,manual,,https://youtube.com/channel/UCWSfXECGo1qK_H7SXRaUSMg,2025-07-04
UCTu4kT09NRE7psEypaagvtw,Giaco,,,,146000.0,100.0,manual,,https://youtube.com/channel/UCTu4kT09NRE7psEypaagvtw,2025-07-04
UC1HNiLWWsOwdQJvndTBnYWw,Gino Games,,,,47200.0,100.0,manual,,https://youtube.com/channel/UC1HNiLWWsOwdQJvndTBnYWw,2025-07-04
UCcXLIwBDN3UewgfqzVSoCnw,GOLANDPOP,,,,23100.0,100.0,manual,,https://youtube.com/channel/UCcXLIwBDN3UewgfqzVSoCnw,2025-07-04
UCMtaM9hHm8JW3dtGVDkJx_g,Gonzalo Cettour,,,,18900.0,100.0,manual,,https://youtube.com/channel/UCMtaM9hHm8JW3dtGVDkJx_g,2025-07-04
UC8Cr_RJJpqMw0ha8JZvL0Zg,Granega Transmisiones,,,,185000.0,100.0,manual,,https://youtube.com/channel/UC8Cr_RJJpqMw0ha8JZvL0Zg,2025-07-04
UCSw7211Kb8SykvHw6KdyAyg,GusGus,,,,1080000.0,100.0,manual,,https://youtube.com/channel/UCSw7211Kb8SykvHw6KdyAyg,2025-07-04
UCBQnpH3GKOKRGg4O8PpqQSw,Hip√≥dromo de Palermo,,,,87300.0,100.0,manual,,https://youtube.com/channel/UCBQnpH3GKOKRGg4O8PpqQSw,2025-07-04
UC69RKrQh0aPguy_fOfQHZxg,Hugo Balassone,,,,51900.0,100.0,manual,,https://youtube.com/channel/UC69RKrQh0aPguy_fOfQHZxg,2025-07-04
UCCNbips7oecr9sytVC7YoZw,Inca,,,,19000.0,100.0,manual,,https://youtube.com/channel/UCCNbips7oecr9sytVC7YoZw,2025-07-04
UCvsU0EGXN7Su7MfNqcTGNHg,Infobae,,,,1540000.0,100.0,manual,,https://youtube.com/channel/UCvsU0EGXN7Su7MfNqcTGNHg,2025-07-04
UCnJz20oDnvQJJaWfaJGqKTw,Innovaci√≥n Cipolletti,,,,2570.0,100.0,manual,,https://youtube.com/channel/UCnJz20oDnvQJJaWfaJGqKTw,2025-07-04
UCpKYUg2Adl9peryUl37l_ew,Jero Torresantoro,,,,69800.0,100.0,manual,,https://youtube.com/channel/UCpKYUg2Adl9peryUl37l_ew,2025-07-04
UCclcPYjhNb3ZRYn_UsW34bw,Argentina Television,,,,2960.0,100.0,manual,,https://youtube.com/channel/UCclcPYjhNb3ZRYn_UsW34bw,2025-07-04
UC4u0BhsSi33PS20_1JHiC5A,LA CASA STREAMING,,,,275000.0,100.0,manual,,https://youtube.com/channel/UC4u0BhsSi33PS20_1JHiC5A,2025-07-04
UC8VAN6uDFyzS9_KZRVDlqOw,La Casaca Boxing Club ü•ä,,,,212000.0,100.0,manual,,https://youtube.com/channel/UC8VAN6uDFyzS9_KZRVDlqOw,2025-07-04
UCNHkxojmJmEuMg0W-LA3awQ,La Casaca Futbol,,,,547000.0,100.0,manual,,https://youtube.com/channel/UCNHkxojmJmEuMg0W-LA3awQ,2025-07-04
UCcfkW71TiATsMEBI4Kdzjiw,La Cl√°sica Digital,,,,147000.0,100.0,manual,,https://youtube.com/channel/UCcfkW71TiATsMEBI4Kdzjiw,2025-07-04
UCDFajagyC0Rq7l5mRSdUnIA,La F√°brica Podcast,,,,63700.0,100.0,manual,,https://youtube.com/channel/UCDFajagyC0Rq7l5mRSdUnIA,2025-07-04
UCba3hpU7EFBSk817y9qZkiA,LA NACION,,,,3300000.0,100.0,manual,,https://youtube.com/channel/UCba3hpU7EFBSk817y9qZkiA,2025-07-04
UCwFdmeWekV3uGthAJENUu7A,LA NACION 104.9 M√°s M√∫sica,,,,6220.0,100.0,manual,,https://youtube.com/channel/UCwFdmeWekV3uGthAJENUu7A,2025-07-04
UCCFy6nNa53k6NyFHTZrFHRw,La P√°gina Millonaria,,,,332000.0,100.0,manual,,https://youtube.com/channel/UCCFy6nNa53k6NyFHTZrFHRw,2025-07-04
UCBPasXWxj1DYJLqZktw_UWg,F√∫tbol Digital,,,,2110000.0,100.0,manual,,https://youtube.com/channel/UCBPasXWxj1DYJLqZktw_UWg,2025-07-04
UCPIgqTAeWOgNvrjsGY68JSw,Laca Stream,,,,29200.0,100.0,manual,,https://youtube.com/channel/UCPIgqTAeWOgNvrjsGY68JSw,2025-07-04
UCvhlPmA3F4_nj-a1ogA5Y0A,Lea Vaquila,,,,26600.0,100.0,manual,,https://youtube.com/channel/UCvhlPmA3F4_nj-a1ogA5Y0A,2025-07-04
UCJfYK2Z_RMgDg4SD1sQH_iQ,Leandro Ziccarelli,,,,16200.0,100.0,manual,,https://youtube.com/channel/UCJfYK2Z_RMgDg4SD1sQH_iQ,2025-07-04
UCQmrryWla1HDW_E9nyiJoMw,LeoMett,,,,19800.0,100.0,manual,,https://youtube.com/channel/UCQmrryWla1HDW_E9nyiJoMw,2025-07-04
UCZW0ewjrlQtj5OmIdQ9bt0Q,Leyla Bechara,,,,9970.0,100.0,manual,,https://youtube.com/channel/UCZW0ewjrlQtj5OmIdQ9bt0Q,2025-07-04
UCV1WCVexFXNTq_t5Z4xgGNw,LHDA PODCAST,,,,61000.0,100.0,manual,,https://youtube.com/channel/UCV1WCVexFXNTq_t5Z4xgGNw,2025-07-04
UCEmEP2l0A6XLCGYGiToCKaQ,Liberman Martin,,,,472000.0,100.0,manual,,https://youtube.com/channel/UCEmEP2l0A6XLCGYGiToCKaQ,2025-07-04
UCP2XRTmK0431U6PvsqV7_Bg,Llamarada Pot,,,,11700.0,100.0,manual,,https://youtube.com/channel/UCP2XRTmK0431U6PvsqV7_Bg,2025-07-04
UCK2ozGMW83z83QQaHjZeVBg,Los Herederos de Alberdi,,,,417000.0,100.0,manual,,https://youtube.com/channel/UCK2ozGMW83z83QQaHjZeVBg,2025-07-04
UC8WwqW8uW2X6ys3PWMiDSzg,Los Liberales üóΩpor Nicol√°s Mor√°s,,,,759000.0,100.0,manual,,https://youtube.com/channel/UC8WwqW8uW2X6ys3PWMiDSzg,2025-07-04
UCkw6fIWEwQCMacEFLBzLytA,Loter√≠a de Santa Fe,,,,14700.0,100.0,manual,,https://youtube.com/channel/UCkw6fIWEwQCMacEFLBzLytA,2025-07-04
UCemBPOt0FZgLBeu0iQWcj-Q,Luquitas Rodriguez,,,,414000.0,100.0,manual,,https://youtube.com/channel/UCemBPOt0FZgLBeu0iQWcj-Q,2025-07-04
UCTHaNTsP7hsVgBxARZTuajw,LUZU TV,,,,2260000.0,100.0,manual,,https://youtube.com/channel/UCTHaNTsP7hsVgBxARZTuajw,2025-07-04
UC3woFJgJr1F8-55tU9Bxz3Q,Manca,,,,649.0,100.0,manual,,https://youtube.com/channel/UC3woFJgJr1F8-55tU9Bxz3Q,2025-07-04
UCFokhJeu64SK7Q9j5YZdXFA,Mariano de la Fuente,,,,35200.0,100.0,manual,,https://youtube.com/channel/UCFokhJeu64SK7Q9j5YZdXFA,2025-07-04
UC7LpROZ_MMVqAQoxorrkbVQ,M√°s F√∫lbo,,,,49500.0,100.0,manual,,https://youtube.com/channel/UC7LpROZ_MMVqAQoxorrkbVQ,2025-07-04
UCTlUJTm5qFRLylSJ_8KS34A,MATE,,,,73600.0,100.0,manual,,https://youtube.com/channel/UCTlUJTm5qFRLylSJ_8KS34A,2025-07-04
UCI44LB9RhTpVf7QsfhguzxQ,MatyAndo,,,,556.0,100.0,manual,,https://youtube.com/channel/UCI44LB9RhTpVf7QsfhguzxQ,2025-07-04
UCtloZ7xFNO9O114pkoV9a5g,Mega 98.3,,,,89800.0,100.0,manual,,https://youtube.com/channel/UCtloZ7xFNO9O114pkoV9a5g,2025-07-04
UCaSLGFmEOmOEhR2fAskG3iA,MOSTRI TV,,,,3810.0,100.0,manual,,https://youtube.com/channel/UCaSLGFmEOmOEhR2fAskG3iA,2025-07-04
UCfFiNQ0xbcyTkAVQURznwEA,Motorsport Planet,,,,108000.0,100.0,manual,,https://youtube.com/channel/UCfFiNQ0xbcyTkAVQURznwEA,2025-07-04
UCjabTl2rRfH8BAg2PfCxYKg,Multimedio Mordisquito,,,,1960.0,100.0,manual,,https://youtube.com/channel/UCjabTl2rRfH8BAg2PfCxYKg,2025-07-04
UCvU6KRqoM0_6gP0RowLEbJw,MundoDinero,,,,191000.0,100.0,manual,,https://youtube.com/channel/UCvU6KRqoM0_6gP0RowLEbJw,2025-07-04
UCakYe1P-halMxM747KHAhZA,Muy Independiente,,,,123000.0,100.0,manual,,https://youtube.com/channel/UCakYe1P-halMxM747KHAhZA,2025-07-04
UCPi7qn4OydOUSfHQqU0XDQg,Nacho AoE,,,,159000.0,100.0,manual,,https://youtube.com/channel/UCPi7qn4OydOUSfHQqU0XDQg,2025-07-04
UCNiSLtSm0S4g70QNaPTW-RA,NANDOPRO,,,,48900.0,100.0,manual,,https://youtube.com/channel/UCNiSLtSm0S4g70QNaPTW-RA,2025-07-04
UC-40U87JsevMIMn7PMw4jPw,Neura Media,,,,641000.0,100.0,manual,,https://youtube.com/channel/UC-40U87JsevMIMn7PMw4jPw,2025-07-04
UCrBaEKCxRWI7GnZUEhjxdMQ,NewGamePlus,,,,9380.0,100.0,manual,,https://youtube.com/channel/UCrBaEKCxRWI7GnZUEhjxdMQ,2025-07-04
UCSlvQTtfVlG2aQcYvf0F33g,Nick News 2.0,,,,83600.0,100.0,manual,,https://youtube.com/channel/UCSlvQTtfVlG2aQcYvf0F33g,2025-07-04
UCpvYnSZNyBxF2MSWvju06jg,Nico Guthmann,,,,203000.0,100.0,manual,,https://youtube.com/channel/UCpvYnSZNyBxF2MSWvju06jg,2025-07-04
UCPauQWO2Z-dTW0JffKSlGkg,Nicol√°s M√°rquez,,,,286000.0,100.0,manual,,https://youtube.com/channel/UCPauQWO2Z-dTW0JffKSlGkg,2025-07-04
UC7mJ2EDXFomeDIRFu5FtEbA,OLGA,,,,1700000.0,100.0,manual,,https://youtube.com/channel/UC7mJ2EDXFomeDIRFu5FtEbA,2025-07-04
UCIlhgwnIjK_l2w_MMYy18tw,Pablo Borda,,,,95000.0,100.0,manual,,https://youtube.com/channel/UCIlhgwnIjK_l2w_MMYy18tw,2025-07-04
UCxH0xKKAiiRBju9itDt47yg,Pablo Lafourcade,,,,66700.0,100.0,manual,,https://youtube.com/channel/UCxH0xKKAiiRBju9itDt47yg,2025-07-04
UCMdE59YbYbSqkiZT_DPM4Dg,Pais De Boludos,,,,217000.0,100.0,manual,,https://youtube.com/channel/UCMdE59YbYbSqkiZT_DPM4Dg,2025-07-04
UCulzKEqyE73gXCUqTimbP4A,Paren la mano,,,,236000.0,100.0,manual,,https://youtube.com/channel/UCulzKEqyE73gXCUqTimbP4A,2025-07-04
UCEw3F2kW0Iz97boK4LvcXaA,PelaVisi√≥n,,,,75300.0,100.0,manual,,https://youtube.com/channel/UCEw3F2kW0Iz97boK4LvcXaA,2025-07-04
UCrUObrkQceJ9doqBZekDPTw,Pelota CAP TV OFICIAL,,,,2530.0,100.0,manual,,https://youtube.com/channel/UCrUObrkQceJ9doqBZekDPTw,2025-07-04
UCl6L85YuyK4rVn5NI--dHUw,Perfil,,,,320000.0,100.0,manual,,https://youtube.com/channel/UCl6L85YuyK4rVn5NI--dHUw,2025-07-04
UC9ghrLcpy0FxDFssie-siwQ,Picado TV,,,,305000.0,100.0,manual,,https://youtube.com/channel/UC9ghrLcpy0FxDFssie-siwQ,2025-07-04
UCnkAzcpDF-yd5ndPEaBMzDA,Plan M - Maxi Montenegro,,,,137000.0,100.0,manual,,https://youtube.com/channel/UCnkAzcpDF-yd5ndPEaBMzDA,2025-07-04
UCtc_WjDRwCrZSEq2WEwD7XQ,Pop Radio 101.5,,,,165000.0,100.0,manual,,https://youtube.com/channel/UCtc_WjDRwCrZSEq2WEwD7XQ,2025-07-04
UC7Hx4xBMuw_PvVUliihHEcQ,posdata,,,,37100.0,100.0,manual,,https://youtube.com/channel/UC7Hx4xBMuw_PvVUliihHEcQ,2025-07-04
UCjeImUhRB1SLqN-svqDRJJw,Power Pinamar,,,,5450.0,100.0,manual,,https://youtube.com/channel/UCjeImUhRB1SLqN-svqDRJJw,2025-07-04
UCY39HPbA70X7Hrry_OkuMQQ,Pronto Pinarello,,,,66500.0,100.0,manual,,https://youtube.com/channel/UCY39HPbA70X7Hrry_OkuMQQ,2025-07-04
UCZvKTlILcfKag_3HPgBZWzQ,Punicher,,,,1120000.0,100.0,manual,,https://youtube.com/channel/UCZvKTlILcfKag_3HPgBZWzQ,2025-07-04
UC_-fqnv3Rp8k9VJ06_aDIHg,Quiero M√∫sica TV,,,,274000.0,100.0,manual,,https://youtube.com/channel/UC_-fqnv3Rp8k9VJ06_aDIHg,2025-07-04
UCYvINPByAdCcpA0sWrF3I_w,Radio Mitre,,,,600000.0,100.0,manual,,https://youtube.com/channel/UCYvINPByAdCcpA0sWrF3I_w,2025-07-04
UCbFLvAjKzZBDLeY3vDvITYQ,Radio Pasi√≥n y Deporte,,,,31700.0,100.0,manual,,https://youtube.com/channel/UCbFLvAjKzZBDLeY3vDvITYQ,2025-07-04
UCLAj5TzCrNbqe3LosSKHLcQ,Radio Rivadavia AM 630,,,,129000.0,100.0,manual,,https://youtube.com/channel/UCLAj5TzCrNbqe3LosSKHLcQ,2025-07-04
UCbo8CWviZeM8IdQs9-NYOZQ,RadioMariaArgentina,,,,119000.0,100.0,manual,,https://youtube.com/channel/UCbo8CWviZeM8IdQs9-NYOZQ,2025-07-04
UCC1T5E1SKjKz7apQ8IkxTGQ,Ramiro Marra,,,,411000.0,100.0,manual,,https://youtube.com/channel/UCC1T5E1SKjKz7apQ8IkxTGQ,2025-07-04
UC0r6f0UAEGze-WTOaaH6UPA,Relatando TV,,,,2240.0,100.0,manual,,https://youtube.com/channel/UC0r6f0UAEGze-WTOaaH6UPA,2025-07-04
UCmk9kjghfkM3k8I6jioDr3g,Rep√∫blicaZ,,,,159000.0,100.0,manual,,https://youtube.com/channel/UCmk9kjghfkM3k8I6jioDr3g,2025-07-04
UCcMbGtY3R8GZHpOkvpn0kVg,Rinc√≥n Apolog√©tico,,,,268000.0,100.0,manual,,https://youtube.com/channel/UCcMbGtY3R8GZHpOkvpn0kVg,2025-07-04
UCPWTkuJwoesO4LaR3Cwke2Q,Rosendo Grobo - Conversaciones,,,,35600.0,100.0,manual,,https://youtube.com/channel/UCPWTkuJwoesO4LaR3Cwke2Q,2025-07-04
UCiwy9Lx6h1Oi-UYwYDbgBZA,Roxana Kreimer,,,,735000.0,100.0,manual,,https://youtube.com/channel/UCiwy9Lx6h1Oi-UYwYDbgBZA,2025-07-04
UCXMRQdmsNExIygGFF85qbOw,Salimos Por abajo,,,,303000.0,100.0,manual,,https://youtube.com/channel/UCXMRQdmsNExIygGFF85qbOw,2025-07-04
UCAHLm8ZEbuFeVsHSrjMn5Dg,Salvador Di Stefano,,,,61800.0,100.0,manual,,https://youtube.com/channel/UCAHLm8ZEbuFeVsHSrjMn5Dg,2025-07-04
UCxl_IErPtAwvPGXa7ozhM0A,Siempre La Liga,,,,2490.0,100.0,manual,,https://youtube.com/channel/UCxl_IErPtAwvPGXa7ozhM0A,2025-07-04
UCr7ZG6gLeEp8ceQNFqRT7Wg,SIN FILTRO,,,,19100.0,100.0,manual,,https://youtube.com/channel/UCr7ZG6gLeEp8ceQNFqRT7Wg,2025-07-04
UCIKQiXrY6WaY7C1UCo8FzOQ,Tano Santarsiero,,,,77100.0,100.0,manual,,https://youtube.com/channel/UCIKQiXrY6WaY7C1UCo8FzOQ,2025-07-04
UChxGASjdNEYHhVKpl667Huw,Telefe Noticias,,,,2070000.0,100.0,manual,,https://youtube.com/channel/UChxGASjdNEYHhVKpl667Huw,2025-07-04
UCaHEdZtk6k7SVP-umnzifmQ,TheDonato,,,,42600000.0,100.0,manual,,https://youtube.com/channel/UCaHEdZtk6k7SVP-umnzifmQ,2025-07-04
UC6NTD1HmdaZMbe9K5qADOvw,Tierra del Fuego Live,,,,17100.0,100.0,manual,,https://youtube.com/channel/UC6NTD1HmdaZMbe9K5qADOvw,2025-07-04
UCFCsnU1m_b1t93Oz9Weawng,Tipito Enojado,,,,479000.0,100.0,manual,,https://youtube.com/channel/UCFCsnU1m_b1t93Oz9Weawng,2025-07-04
UCzmvTwRkUUsd-RguaMl2V1g,Tipito LIVE,,,,292000.0,100.0,manual,,https://youtube.com/channel/UCzmvTwRkUUsd-RguaMl2V1g,2025-07-04
UCas4SWZojYkBeCa8D8QRFZA,TocToc,,,,67600.0,100.0,manual,,https://youtube.com/channel/UCas4SWZojYkBeCa8D8QRFZA,2025-07-04
UCj6PcyLvpnIRT_2W_mwa9Aw,Todo Noticias,,,,4740000.0,100.0,manual,,https://youtube.com/channel/UCj6PcyLvpnIRT_2W_mwa9Aw,2025-07-04
UC2PsNyLJ5bjLFuzJ0WpqOHw,Tolondroque,,,,432000.0,100.0,manual,,https://youtube.com/channel/UC2PsNyLJ5bjLFuzJ0WpqOHw,2025-07-04
UCm56DrHB5BaaLg_-wtPcbqw,Transmisi√≥n Deportiva Radio Stream,,,,1860.0,100.0,manual,,https://youtube.com/channel/UCm56DrHB5BaaLg_-wtPcbqw,2025-07-04
UCANCxKcTl4P53vDSwVVC-HQ,Troyr,,,,14700.0,100.0,manual,,https://youtube.com/channel/UCANCxKcTl4P53vDSwVVC-HQ,2025-07-04
UCtyqt7XmLdBsrV3Qzw9duHA,TUGO Clips,,,,20300.0,100.0,manual,,https://youtube.com/channel/UCtyqt7XmLdBsrV3Qzw9duHA,2025-07-04
UCDLFBeXEbLRRUj3uuix3AeQ,Turf Federal TV,,,,3720.0,100.0,manual,,https://youtube.com/channel/UCDLFBeXEbLRRUj3uuix3AeQ,2025-07-04
UC72ZaBKI-Bo5fjmWEYonhJw,TyC Sports,,,,3020000.0,100.0,manual,,https://youtube.com/channel/UC72ZaBKI-Bo5fjmWEYonhJw,2025-07-04
UCJbgNz5VfETvD_wd4KiF2yQ,UADE,,,,19500.0,100.0,manual,,https://youtube.com/channel/UCJbgNz5VfETvD_wd4KiF2yQ,2025-07-04
UCg6kTB4vw1XYFBR4TtHaBuQ,Un Poco De Ruido,,,,1610000.0,100.0,manual,,https://youtube.com/channel/UCg6kTB4vw1XYFBR4TtHaBuQ,2025-07-04
UCwKZnJ48oXRCCGCQbL1BPSA,Urgente Milei,,,,678000.0,100.0,manual,,https://youtube.com/channel/UCwKZnJ48oXRCCGCQbL1BPSA,2025-07-04
UC-UwX0arkku_LtL3BzIHbng,Vivi Pedraglio,,,,86500.0,100.0,manual,,https://youtube.com/channel/UC-UwX0arkku_LtL3BzIHbng,2025-07-04
UC1uGQ-6qfBzMnC_ag0EBLNw,vorlytv streaming,,,,1440.0,100.0,manual,,https://youtube.com/channel/UC1uGQ-6qfBzMnC_ag0EBLNw,2025-07-04
UCvCTWHCbBC0b9UIeLeNs8ug,Vorterix,,,,823000.0,100.0,manual,,https://youtube.com/channel/UCvCTWHCbBC0b9UIeLeNs8ug,2025-07-04
UC_cQZFyKy_74TB4ice6iGHw,ZETWALYT,,,,67900.0,100.0,manual,,https://youtube.com/channel/UC_cQZFyKy_74TB4ice6iGHw,2025-07-04
UCPB29mXiVBq4wWEVYKbIglA,ZuLOPlayer,,,,1410.0,100.0,manual,,https://youtube.com/channel/UCPB29mXiVBq4wWEVYKbIglA,2025-07-04
UC9e4Y9ISz935cd22cF1xjig,Patagonia Run,Entretenimiento,Argentina,Por determinar,13600.0,100.0,explicit_country,"metadata_AR, codigo_ARGENTINA, menciona_argentina, menciona_arg",https://youtube.com/channel/UC9e4Y9ISz935cd22cF1xjig,2025-07-05
UCsbRQom-NSxobbWJhnzWP5Q,Cadena Perpetua - Topic,M√∫sica,Argentina,Por determinar,948.0,80.0,local_code,"codigo_ARGENTINA, menciona_argentina, menciona_arg, modismos_1",https://youtube.com/channel/UCsbRQom-NSxobbWJhnzWP5Q,2025-07-06
UCI5RY8G0ar-hLIaUJvx58Lw,TNT Sports Argentina,Deportes,Argentina,Por determinar,1440000.0,100.0,explicit_country,"metadata_AR, codigo_ARGENTINA, menciona_argentina, menciona_argentino, menciona_arg",https://youtube.com/channel/UCI5RY8G0ar-hLIaUJvx58Lw,2025-07-06
UC8Ry9rc2MTsqSzNcPCBPTnQ,Liga Correntina de F√∫tbol (LCF),Deportes,Corrientes,Por determinar,7120.0,82.0,local_code,"codigo_CORRIENTES, menciona_argentina, menciona_arg, locations_1",https://youtube.com/channel/UC8Ry9rc2MTsqSzNcPCBPTnQ,2025-07-06
UCpSZaeED5OS9fDCsMWVHbxA,Relatores,Deportes,Misiones,Por determinar,67900.0,100.0,explicit_country,"metadata_AR, codigo_ARGENTINA, menciona_argentina, menciona_arg, locations_1",https://youtube.com/channel/UCpSZaeED5OS9fDCsMWVHbxA,2025-07-06
UCVNi8Xb_nWemqYXB7rB2V3A,Luana TV,Gaming,Argentina,Por determinar,1310.0,100.0,explicit_country,"metadata_AR, codigo_ARGENTINA, menciona_argentina, menciona_arg, menciona_üá¶üá∑",https://youtube.com/channel/UCVNi8Xb_nWemqYXB7rB2V3A,2025-07-07
UCSYJAcn_jtt0B5-CKFcHNiQ,CFCArgentina TV,Arte/Creatividad,Buenos Aires,Por determinar,8960.0,100.0,explicit_country,"metadata_AR, codigo_ARGENTINA, menciona_argentina, menciona_arg, locations_1",https://youtube.com/channel/UCSYJAcn_jtt0B5-CKFcHNiQ,2025-07-07
"Pastores fundadores Susana y Miguel Angel Pereda. """,Argentina,4.0,,,,,,,,
UC5DHDShwoH8upqVTg1HHOQw,Hablando trading,Charlas/Podcast,Argentina,Por determinar,1170.0,100.0,explicit_country,"metadata_AR, codigo_ARGENTINA, menciona_argentina, menciona_arg",https://youtube.com/channel/UC5DHDShwoH8upqVTg1HHOQw,2025-07-07
UCf0t3JPPILv3Pt4GiWwU3Ew,AZM TV Canal9 de la Patagonia,Cocina,Chubut,Por determinar,24400.0,100.0,explicit_country,"metadata_AR, codigo_CHUBUT, menciona_argentina, menciona_arg, locations_1",https://youtube.com/channel/UCf0t3JPPILv3Pt4GiWwU3Ew,2025-07-07
"http:""",Argentina,5.0,,,,,,,,
UCHTLhPXXh5xhQNdTY1BxNBg,Mantra FM 91.9,Entretenimiento,Misiones,Por determinar,11100.0,100.0,explicit_country,"metadata_AR, codigo_ARGENTINA, menciona_argentina, menciona_arg, locations_2",https://youtube.com/channel/UCHTLhPXXh5xhQNdTY1BxNBg,2025-07-08
UCaYfvUtFsl2nfGtgdpD2ZDQ,Axon Pro Stream,Cocina,Entre R√≠os,Por determinar,1780.0,87.0,explicit_country,"metadata_AR, codigo_ROSARIO, modismos_1, locations_2",https://youtube.com/channel/UCaYfvUtFsl2nfGtgdpD2ZDQ,2025-07-08
"Si el Mate Hablara: Viernes 16 h""",Argentina,5.0,,,,,,,,
UC5SvPIFFrtvgldtNS4QUeIw,Live Cam Mendoza,Arte/Creatividad,Mendoza,Por determinar,12100.0,100.0,explicit_country,"metadata_AR, codigo_MENDOZA, menciona_argentina, menciona_arg, locations_1",https://youtube.com/channel/UC5SvPIFFrtvgldtNS4QUeIw,2025-07-08
UC6OhbIFDPdkzBNC_KzuEv3g,Gobierno de Mendoza,Entretenimiento,Mendoza,Por determinar,2150.0,82.0,local_code,"codigo_MENDOZA, menciona_argentina, menciona_arg, locations_1",https://youtube.com/channel/UC6OhbIFDPdkzBNC_KzuEv3g,2025-07-08
UCOP8wnjy5ol1ulyy_DjaYIA,Radio-Streaming 97.1,Deportes,Misiones,Por determinar,2340.0,100.0,explicit_country,"metadata_AR, menciona_argentina, menciona_argentinas, menciona_arg, modismos_1, locations_2",https://youtube.com/channel/UCOP8wnjy5ol1ulyy_DjaYIA,2025-07-08
UC5KfW9_wv4tqbIPgY8tMG-w,Honorable C√°mara de Diputados de la Naci√≥n,Educativo,Argentina,Por determinar,268000.0,100.0,explicit_country,"metadata_AR, codigo_ARGENTINA, menciona_argentina, menciona_arg",https://youtube.com/channel/UC5KfW9_wv4tqbIPgY8tMG-w,2025-07-08
UChKt0UFx4kAFeL-J5PGj1YQ,RADIO POST FM 92.1 ,Charlas/Podcast,Mendoza,Por determinar,1310.0,100.0,explicit_country,"metadata_AR, codigo_MENDOZA, menciona_argentina, menciona_arg, locations_2",https://youtube.com/channel/UChKt0UFx4kAFeL-J5PGj1YQ,2025-07-08
"‚úîÔ∏è Cobertur""",Argentina,5.0,,,,,,,,
UCRw1y2JAiHN3mcjjCtrBBng,Canal Bardo,Entretenimiento,Mendoza,Por determinar,4000.0,100.0,explicit_country,"metadata_AR, codigo_MENDOZA, menciona_argentina, menciona_arg, locations_1",https://youtube.com/channel/UCRw1y2JAiHN3mcjjCtrBBng,2025-07-08
UCgHdApY3_q5036b-VcZkouw,Ramiro Morales Oficial,M√∫sica,Salta,Por determinar,713.0,100.0,explicit_country,"metadata_AR, codigo_SALTA, menciona_argentina, menciona_arg, locations_1",https://youtube.com/channel/UCgHdApY3_q5036b-VcZkouw,2025-07-09
UCBDSJPo-WxGXmLGEtBAbInA,FAGRAN NUTRICI√ìN,Deportes,Argentina,Por determinar,1240.0,100.0,explicit_country,"metadata_AR, codigo_ARGENTINA, menciona_argentina, menciona_arg",https://youtube.com/channel/UCBDSJPo-WxGXmLGEtBAbInA,2025-07-10
FAGRAN es Miembro Fundador del Comit√© de Nutricionistas del Mercosur (CONUMER)," la Confederaci√≥n Latinoamericana de Nutricionistas y Dietistas (CONFELANyD) y de la Alianza Iberoamericana de Nutricionistas (AIBA""",Argentina,5.0,,,,,,,
UCYh0ypCJ5BgbEdvaarI8GRg,Cosquin Joven Oficial,Arte/Creatividad,Argentina,Por determinar,10500.0,70.0,local_code,"codigo_CORDOBA, menciona_argentina, menciona_arg",https://youtube.com/channel/UCYh0ypCJ5BgbEdvaarI8GRg,2025-07-10
UCgIT4w3dGBTEsaXwNHAVglQ,ATV ARGENTINA,Entretenimiento,Argentina,Por determinar,830,70,local_code,"codigo_ARGENTINA, menciona_argentina, menciona_arg",https://youtube.com/channel/UCgIT4w3dGBTEsaXwNHAVglQ,2025-07-13
UCCCFxLtIPK90QWGUuR-ub7A,Federaci√≥n Universitaria Argentina - FUA,Educativo,Argentina,Por determinar,980,70,local_code,"codigo_ARGENTINA, menciona_argentina, menciona_arg",https://youtube.com/channel/UCCCFxLtIPK90QWGUuR-ub7A,2025-07-14
UCOCCqq7PwUZRrcNc7VIf3tA,Rojos De Pasion,Deportes,Misiones,Por determinar,22700,65,explicit_country,"metadata_AR, codigo_AR, locations_1",https://youtube.com/channel/UCOCCqq7PwUZRrcNc7VIf3tA,2025-07-14
"Suscribite a nuestro canal para """,Argentina,5,,,,,,,,
UCDBP9nfxJ4AX5w3rNRKziRQ,AJPP Argentina,Entretenimiento,Argentina,Por determinar,9540,70,local_code,"codigo_ARGENTINA, menciona_argentina, menciona_arg",https://youtube.com/channel/UCDBP9nfxJ4AX5w3rNRKziRQ,2025-07-14
UCZ2voklsl3XHugqbm19wB1w,Universo TV,Gaming,C√≥rdoba,Por determinar,60300,100,explicit_country,"metadata_AR, codigo_ARGENTINA, menciona_argentina, menciona_arg, locations_1",https://youtube.com/channel/UCZ2voklsl3XHugqbm19wB1w,2025-07-14
UCgdzw0B0pBaTwCBOuJJD-HQ,Santuario Ma. del Rosario de San Nicol√°s,Charlas/Podcast,Misiones,Por determinar,16700,100,explicit_country,"metadata_AR, codigo_ROSARIO, menciona_argentina, menciona_arg, locations_2",https://youtube.com/channel/UCgdzw0B0pBaTwCBOuJJD-HQ,2025-07-14
UCxjcBVXCrJ9IlXDLDUJHtUA,F√∫tbol para Todos En Vivo,Deportes,Argentina,Por determinar,43600,70,local_code,"codigo_ARGENTINA, menciona_argentina, menciona_arg",https://youtube.com/channel/UCxjcBVXCrJ9IlXDLDUJHtUA,2025-07-14
Aquellos medios que est√©n interesados en reproducir nuestros contenidos audiovisuales deber√°n firmar previamente Acuerdos de Retransmisi√≥n. Para m√°s informaci√≥n," ingresar aqu√≠: http://on.fb.me/1C611IN""",Argentina,5,,,,,,,
UCFHhfZu16kAixWaight8-FA,Noticiero Canal 7 Jujuy,Deportes,Jujuy,Por determinar,14200,100,explicit_country,"metadata_AR, codigo_JUJUY, menciona_argentino, menciona_arg, locations_1",https://youtube.com/channel/UCFHhfZu16kAixWaight8-FA,2025-07-15
"https://www.faceb""",Argentina,5,,,,,,,,
UCo0wPQOSv9ON_RDFuYw8YBg,Juego Libre Radio,Deportes,Argentina,Por determinar,2970,100,explicit_country,"metadata_AR, codigo_ARGENTINA, menciona_argentina, menciona_arg, modismos_1",https://youtube.com/channel/UCo0wPQOSv9ON_RDFuYw8YBg,2025-07-15
UC1BSDeyIgVWN-y_ymdqqQ-g,Lina Tv,M√∫sica,Misiones,Por determinar,1140,65,explicit_country,"metadata_AR, codigo_CORDOBA, locations_1",https://youtube.com/channel/UC1BSDeyIgVWN-y_ymdqqQ-g,2025-07-16
UCmA8VpESS43iV7ffXroxlbQ,MMX,Entretenimiento,Argentina,Por determinar,1420,70,local_code,"codigo_ARGENTINA, menciona_argentina, menciona_arg",https://youtube.com/channel/UCmA8VpESS43iV7ffXroxlbQ,2025-07-16
UCCIr6Ilt39hLsXgjmvPueaw,Radio Panorama 100.1,Charlas/Podcast,Argentina,Por determinar,4160,100,explicit_country,"metadata_AR, codigo_ARGENTINA, menciona_argentina, menciona_arg",https://youtube.com/channel/UCCIr6Ilt39hLsXgjmvPueaw,2025-07-19
UCaK9MvzKXT3uG1kPf5kQTJg,Martini28 3,Gaming,Argentina,Por determinar,1970,70,local_code,"codigo_ARGENTINA, menciona_argentina, menciona_arg",https://youtube.com/channel/UCaK9MvzKXT3uG1kPf5kQTJg,2025-07-19
UC7TFjz6yEImGZQ7I2CDO7FA,La Choza Contenidos,Charlas/Podcast,Argentina,Por determinar,15800,100,explicit_country,"metadata_AR, codigo_ARGENTINA, menciona_argentina, menciona_arg",https://youtube.com/channel/UC7TFjz6yEImGZQ7I2CDO7FA,2025-07-21
UC8mjzWBO7-XvOf5iMe4cVMw,Haustream,Charlas/Podcast,Argentina,Por determinar,3520,80,explicit_country,"metadata_AR, menciona_argentino, menciona_arg",https://youtube.com/channel/UC8mjzWBO7-XvOf5iMe4cVMw,2025-07-22
UCklDv4NK00CQHNkGDZ7-p_g,Asociaci√≥n M√©dica Argentina,Educativo,Argentina,Por determinar,3560,70,local_code,"codigo_ARGENTINA, menciona_argentina, menciona_arg",https://youtube.com/channel/UCklDv4NK00CQHNkGDZ7-p_g,2025-07-22
UC9RM5KFpUW52OZBeQIYsDxA,Misiones Cuatro,Entretenimiento,Misiones,Por determinar,5130,65,explicit_country,"metadata_AR, codigo_MISIONES, locations_1",https://youtube.com/channel/UC9RM5KFpUW52OZBeQIYsDxA,2025-07-22
UC7k4rUSBeNtCwMK-ldIRVTw,IAME SERIES ARG,Charlas/Podcast,Misiones,Por determinar,942,100,explicit_country,"metadata_AR, codigo_ARGENTINA, menciona_argentina, menciona_argentino, menciona_arg, locations_1",https://youtube.com/channel/UC7k4rUSBeNtCwMK-ldIRVTw,2025-07-22
UCHtInVgUKXzjlShuh4kIBjw,Vive,M√∫sica,Argentina,Por determinar,6620,100,explicit_country,"metadata_AR, codigo_ARGENTINA, menciona_argentina, menciona_arg",https://youtube.com/channel/UCHtInVgUKXzjlShuh4kIBjw,2025-07-23
UCI6m1EyjgTYMJke5UMvD9ZA,Ministerio de Econom√≠a,Tecnolog√≠a,Argentina,Por determinar,57300,100,explicit_country,"metadata_AR, codigo_ARGENTINA, menciona_argentina, menciona_arg",https://youtube.com/channel/UCI6m1EyjgTYMJke5UMvD9ZA,2025-07-23
